"Comment","User","ReplyCount","LikeCount","PublishTime","CommentId","ParentID","ReplyToAnotherUser","VideoID"
"https://youtu.be/4UMVLL3Xf98","Global News","0","0","2019-09-18T12:27:56.000Z","Ugz8QBm-1rmFdwar87F4AaABAg","None","FALSE","6sbPGzrXbts"
"bro ye bwo desh h jaha padhe likho ne gawaro ko chuna h khud pe raj krne ke liye or such mat bolo verna pakistani bolenge log aapko","Rockstar Manzar","0","0","2019-09-18T09:50:58.000Z","UgzK1CYhJ-Tgplrrbk54AaABAg","None","FALSE","6sbPGzrXbts"
"just misguiding people","V K Sharma","0","0","2019-09-18T07:47:13.000Z","UgzIx12wd6wcDZ1J_Q14AaABAg","None","FALSE","6sbPGzrXbts"
"Aur sun pakiistan or kashmir hua hindu attayachar pe hi bna le.
Per agar tune un per video bani to tu to fameos nahi hoga.","Mix Comedy","0","0","2019-09-18T07:16:50.000Z","Ugy1JEMW8hz0uEsFmOJ4AaABAg","None","FALSE","6sbPGzrXbts"
"Koi nahi tujhe koi or topic to milega nahi chal ab  POK per video bana .","Mix Comedy","0","0","2019-09-18T07:14:57.000Z","UgwmcS1zqz56FzmnadR4AaABAg","None","FALSE","6sbPGzrXbts"
"Ab lbral tumko problem kya hai be desh ke tarkki se .","Mix Comedy","0","0","2019-09-18T07:13:57.000Z","UgyWLH-8O4nDcLfyeZJ4AaABAg","None","FALSE","6sbPGzrXbts"
"Abe tujhe desh ke man samman se itni problem hai to  tu us desh main rah jaha tujhe koi dekat na ho .","Mix Comedy","0","0","2019-09-18T07:13:00.000Z","Ugw77zurS9wtmfkmPvJ4AaABAg","None","FALSE","6sbPGzrXbts"
"You are a liar!!","Saketh Desai","0","0","2019-09-18T06:40:35.000Z","Ugy00g1LYTgiIn0LJbV4AaABAg","None","FALSE","6sbPGzrXbts"
"Mujhe bas ye batado koi ki hamesha isro ka budget low kyu provide kiya jata hai,jis cheez me jitna paisa lage aur kuch discovery hojayegi waha pe budget ki baat aur yaha 3000 crore lagadiye aur chalo lagadiye to isro ka b budget badhao kyu unko pressure me rhakka jata hai","vinu vinu kaushik","0","0","2019-09-17T21:50:13.000Z","Ugz5xhcKxbd-LaV2Tzh4AaABAg","None","FALSE","6sbPGzrXbts"
"Sir you are the real Hero in this country. .who Aware all youth.","Prerna Kumari","0","0","2019-09-17T19:52:38.000Z","UgwR0uxM7l6IfOtFMvl4AaABAg","None","FALSE","6sbPGzrXbts"
"Stupids like u do not know cost of engineering","study academy","0","0","2019-09-17T19:13:23.000Z","UgyNjW0Ixsto42OqTpF4AaABAg","None","FALSE","6sbPGzrXbts"
"Its horrible to see that so much of money has been wasted. Its unfortunate that we have such a pathetic misuse of money in our country. That money could be used to feed the hungry or for poor people or for development. I wonder if that amount of money is available just to make statues, how much more is available and how people are misusing it we don't even know.","Annie Kuris","0","0","2019-09-17T18:06:02.000Z","UgzVp6vNpMmWEvPuOth4AaABAg","None","FALSE","6sbPGzrXbts"
"Just stop voting these old illiterate and dimwit politicians and we indians will become second to none","Rijo Samuel","0","0","2019-09-17T18:05:13.000Z","Ugy_9efnUn3YmQ9gdW14AaABAg","None","FALSE","6sbPGzrXbts"
"But Bro ticket prices are different...","KLVN Music","0","0","2019-09-17T17:44:37.000Z","UgzBQii-HgpxvREM9al4AaABAg","None","FALSE","6sbPGzrXbts"
"He is illiterate, and misguiding innocent people of India","Star Lord","0","0","2019-09-17T17:37:00.000Z","UgyNRuVuk5H37k6cf-t4AaABAg","None","FALSE","6sbPGzrXbts"
"Nice explanation bro.
How government waste our tax money.","prknt08","0","3","2019-09-17T17:06:36.000Z","Ugz6RSuJemZSGI0gE_B4AaABAg","None","FALSE","6sbPGzrXbts"
"If you find my comment then you have watched this video and gone to comment section<U+0001F914><U+0001F914>","POKEMON KA DADA","0","0","2019-09-17T16:58:01.000Z","UgxLmOjEuNGjwdpBeQ54AaABAg","None","FALSE","6sbPGzrXbts"
"Yah bhadwe ko social media per glt faymi faila rha hai ek din me 8500 log average dekh rhe hai USA ki statue of liberty 10000 average per day hai ...","Ashutosh Mishra","0","0","2019-09-17T16:39:19.000Z","UgyVmdToSS27Kx5GeO94AaABAg","None","FALSE","6sbPGzrXbts"
"https://youtu.be/eJd8NmghOog
<U+0932><U+0947> <U+092D><U+093E><U+0908> <U+0924><U+0947><U+0930><U+093E> <U+091C><U+092C><U+093E><U+092C> <U+0906> <U+0917><U+092F><U+093E>..<U+0001F60A>","Vikash Jangir","0","1","2019-09-17T12:18:13.000Z","UgxEU22KVAJ7pULqoGB4AaABAg","None","FALSE","6sbPGzrXbts"
"What is going on in our country... How should wo stop all this nonsense to happen.....","Ashwani Mishra","0","0","2019-09-17T12:11:11.000Z","UgwV247G3xe2jgd00oR4AaABAg","None","FALSE","6sbPGzrXbts"
"TAJ mahal is best in india","Faiz e Raza channel","0","0","2019-09-17T12:02:32.000Z","UgyWxLhvGxHkJ-3EnhB4AaABAg","None","FALSE","6sbPGzrXbts"
"Chor h sab","Ansari Jamal","0","0","2019-09-17T11:22:12.000Z","UgzXDbmOKgX2uq9vlDp4AaABAg","None","FALSE","6sbPGzrXbts"
"BAkwas h
Faltu h 
Iokal se mokal
Gatyan     se  gathan","Ansari Jamal","0","0","2019-09-17T11:20:51.000Z","UgxYkVSDNaUqiSyCt2t4AaABAg","None","FALSE","6sbPGzrXbts"
"You are wrong","Sujan Patel G L","0","0","2019-09-17T10:29:43.000Z","UgwFMkC7BxIe443h6g14AaABAg","None","FALSE","6sbPGzrXbts"
"its now a one of the tourist attractions place","harsh patel","0","0","2019-09-17T09:36:03.000Z","UgyHcmmr6cijJ6tQx054AaABAg","None","FALSE","6sbPGzrXbts"
"Government ko World's tallest building banaani chahiye thi India mein
Kisi metro city mein

Woh tourist attractions Banta

Example = burj Khalifa","Songistaan","0","0","2019-09-17T08:26:22.000Z","Ugw0aQ2n3BCLRacpgcR4AaABAg","None","FALSE","6sbPGzrXbts"
"U r against of modi n sadar patel","urjit vishal1716","2","1","2019-09-17T08:21:13.000Z","UgwqpIdMy_yrOV3hSY14AaABAg","None","FALSE","6sbPGzrXbts"
"Aapke vedios Dekhne ke baad mn krta hai ki Ek Short Point notes bnau..Aur wo Jitne bhi Gwar modi bhkts hai Aur jb wo argue krte hai unko jwab du..ftt jaayegi unki","Ashish Ganguly","0","0","2019-09-17T05:47:38.000Z","UgzqqIECFwx6MoD1kQx4AaABAg","None","FALSE","6sbPGzrXbts"
"<U+092C><U+093E><U+0924> <U+0924><U+094B> <U+0938><U+0939><U+0940> <U+0939><U+0948> <U+092A><U+0930> <U+0906><U+092A> <U+0915><U+0940> <U+0938><U+0915><U+0932> <U+092E><U+093E><U+0926><U+0930><U+091A><U+094B><U+0926> <U+0932><U+0917><U+0924><U+0940> <U+0939><U+0948>","meme hub","0","0","2019-09-17T04:28:44.000Z","UgyRiVNqJ4OrxWVlSXd4AaABAg","None","FALSE","6sbPGzrXbts"
"seriously it's wastage of money.u r grt person","khushbu kumari","0","0","2019-09-17T04:28:14.000Z","UgyBFS9Fba4KrwiFv-14AaABAg","None","FALSE","6sbPGzrXbts"
"What ?  Wow! cost of this is 3000 crore! And, cost of Chandrayaan 2 is approximately 978 crore.","Dinesh Sachdev","0","0","2019-09-17T01:41:11.000Z","Ugzt1csIhfNMcmkoA7J4AaABAg","None","FALSE","6sbPGzrXbts"
"https://youtu.be/xxNNWpCgRF8","omnamaha 052","0","0","2019-09-16T21:42:41.000Z","UgwT4gq6LdUILgPwfEt4AaABAg","None","FALSE","6sbPGzrXbts"
"Paheli bat vo statue nahi hei sardar patel hei tere ko pata bhi hei vo kon hei?? Unki vajah se hi ek bharat ban paya hei sirf ek kasmir naheru ko diya to.. sabko pata hi hei, or vo Gujrat k the gujrat ki an ban or shan to statue to ban na hi tha Gujrat mei. Or gujrat mei bhi sardar sarovar dam! Tu ek bar ja or gum k aa pata chale tere ko,vaha k letest photoes dekh pata chalega","Kunj Patel","0","0","2019-09-16T21:06:03.000Z","UgxvQst_dA2ZFBYSE5l4AaABAg","None","FALSE","6sbPGzrXbts"
"Chai wala aya hai tu sikke nikal ... Chai wala aya h tu sikke nikal...","ArSh Gaming","0","1","2019-09-16T20:44:38.000Z","UgyDpV_Rh0goWZgzQZp4AaABAg","None","FALSE","6sbPGzrXbts"
"There are several comments that a well educated man like Dhruv in needed in politics. Then why vote for a selfish uneducated man as our PM.","Feleina Ramesh","0","0","2019-09-16T20:17:34.000Z","Ugzm30iU-mOOlJVVdy14AaABAg","None","FALSE","6sbPGzrXbts"
"Overall analysis is properly done by Dhruv rathee to collect such information it needs lots of sacrifice and time. Instead Making a Library was better option for govt and btw rathee keep going....","Sahil Kalekar","0","0","2019-09-16T19:30:05.000Z","UgzrCg0g8lPUZLuU_MB4AaABAg","None","FALSE","6sbPGzrXbts"
"U nailed it bro.#modigovernmentsucks","jaskaran maan","0","0","2019-09-16T18:33:47.000Z","UgwebZp27QACyAfkXed4AaABAg","None","FALSE","6sbPGzrXbts"
"itna bhi negative nhi h y statue bhai , there are also some positive things about statue","Abhay Kushwaha","0","0","2019-09-16T18:15:38.000Z","Ugx6qkJKlzqSbNBVT7Z4AaABAg","None","FALSE","6sbPGzrXbts"
"Dhruv just stop making these absurd videos
Plz do some work which may help the poors of the nation
Don't spread your fake personal ideas","Shivam Pandey","0","1","2019-09-16T17:28:19.000Z","Ugy15Aok8cF1ZfHn6B14AaABAg","None","FALSE","6sbPGzrXbts"
"Bhai tu pm ban ja","Abhay verma","1","3","2019-09-16T16:59:06.000Z","UgyNnA0hKHFL3e-xcX94AaABAg","None","FALSE","6sbPGzrXbts"
"Kuch bi kare tu nikalega galti.","ranjitkumar sahoo","0","0","2019-09-16T16:48:21.000Z","UgzmQEQd20y_hTDbOTl4AaABAg","None","FALSE","6sbPGzrXbts"
"Bhai tuta paka modi haters hei<U+0001F61B><U+0001F61B><U+0001F61B>","ranjitkumar sahoo","0","0","2019-09-16T16:47:23.000Z","UgyecOaf0K7idlteaDh4AaABAg","None","FALSE","6sbPGzrXbts"
"bohut heard","Aashish Soni","0","0","2019-09-16T16:29:38.000Z","UgxXaqdEGRSWgHaNMKF4AaABAg","None","FALSE","6sbPGzrXbts"
"Chhhoti soch","Manita Bajpai","0","0","2019-09-16T15:20:36.000Z","UgxoNa0lwwfOqDe2kl54AaABAg","None","FALSE","6sbPGzrXbts"
"Bekoofiat<U+0001F44E><U+0001F44E><U+0001F44E>","Manita Bajpai","0","0","2019-09-16T15:20:15.000Z","UgxSdJQetmicuY2z3RV4AaABAg","None","FALSE","6sbPGzrXbts"
"*<U+092D><U+093E><U+0908> <U+0926><U+0941><U+0928><U+093F><U+092F><U+093E> <U+092E><U+0947><U+0902> <U+092D><U+094C><U+0902><U+0915><U+0928><U+093E> <U+0938><U+092C><U+0938><U+0947> <U+091C><U+092C><U+0938><U+0947> <U+091C><U+094D><U+092F><U+093E><U+0926><U+093E> <U+0906><U+0938><U+093E><U+0928> <U+0939><U+0948>, <U+092F><U+0947> <U+0924><U+0942><U+0928><U+0947> <U+092C><U+0947><U+0939><U+0926> <U+0939><U+0940> <U+0905><U+091A><U+094D><U+091B><U+0947> <U+0924><U+0930><U+0940><U+0915><U+0947> <U+0938><U+0947> <U+0938><U+093F><U+0926><U+094D><U+0927> <U+0915><U+0930> <U+0926><U+093F><U+092F><U+093E>,* <U+263A><U+FE0F><U+0001F60A>","Abhishek Saraswat","0","0","2019-09-16T15:17:45.000Z","UgyDsDSUgtHVSH9ifNt4AaABAg","None","FALSE","6sbPGzrXbts"
"Sardar Patel ki aatma bhi dukhe ho rahe hoge bhakto ki iss chutiyapa se","Suraj Rathod","0","0","2019-09-16T13:53:45.000Z","Ugy1zw_cVyxnE00m4N54AaABAg","None","FALSE","6sbPGzrXbts"
"OUR GOVERNMENT GONNA MAD","John Stark","0","0","2019-09-16T13:21:43.000Z","UgyhWycOn3FMye2GX5d4AaABAg","None","FALSE","6sbPGzrXbts"
"Hamari Country me ye politicians faltu ki cheejo me money barbad karte hai.
3000 crores se inko road banani chahia and education me invest karne chahia but ye sab apni party  
ko famous karne k Lia ye sab karte hai. I hate politicians","Always fun time","0","2","2019-09-16T13:03:37.000Z","UgweMgW5SrGt8_o3sEV4AaABAg","None","FALSE","6sbPGzrXbts"
"<U+0935><U+0948><U+0938><U+0947> <U+0924><U+094B> <U+0924><U+0941><U+092E><U+094D><U+0939><U+0947><U+0902> <U+0924><U+0941><U+092E><U+094D><U+0939><U+093E><U+0930><U+0940> <U+092E><U+093E><U+0902> <U+0928><U+0947> <U+092A><U+0948><U+0926><U+093E> <U+0915><U+0930><U+0915><U+0947> <U+092D><U+0940> <U+0917><U+0932><U+0924><U+0940> <U+0915><U+0930><U+0924><U+0940> <U+0939><U+0948> <U+0915><U+094D><U+092F><U+094B><U+0902><U+0915><U+093F> <U+0907><U+0938> <U+0926><U+0947><U+0936> <U+0915><U+0940> <U+091C><U+0928> <U+0938><U+0902><U+0916><U+094D><U+092F><U+093E> <U+092C><U+0922><U+093C><U+093E> <U+0926><U+0940> <U+0939><U+0948> <U+0924><U+0941><U+092E><U+094D><U+0939><U+0947><U+0902> <U+092A><U+0948><U+0926><U+093E> <U+0915><U+0930><U+0915><U+0947> <U+091C><U+094B> <U+0917><U+0932><U+0924> <U+0915><U+093F><U+092F><U+093E> <U+0939><U+0948> <U+092D><U+093E><U+0908> <U+091C><U+094B> <U+0935><U+094D><U+092F><U+0915><U+094D><U+0924><U+093F> <U+0907><U+0938> <U+0926><U+0947><U+0936> <U+0915><U+093E> <U+092A><U+094D><U+0930><U+0925><U+092E> <U+092A><U+094D><U+0930><U+0927><U+093E><U+0928><U+092E><U+0902><U+0924><U+094D><U+0930><U+0940> <U+0939><U+094B><U+0928><U+093E> <U+0925><U+093E> <U+0909><U+0938><U+0947> <U+0924><U+0941><U+092E><U+0928><U+0947> <U+0915><U+0941><U+091B> <U+0928><U+0939><U+0940><U+0902> <U+0926><U+093F><U+092F><U+093E> <U+0906><U+091C><U+093E><U+0926><U+0940> <U+0915><U+0947> <U+092C><U+093E><U+0926> <U+0909><U+0938><U+0915><U+093E> <U+0928><U+093E><U+092E> <U+092D><U+0940> <U+0924><U+0941><U+092E><U+0928><U+0947> <U+0907><U+0938> <U+0926><U+0947><U+0936> <U+0915><U+0940> <U+091C><U+0928><U+0924><U+093E> <U+0935><U+0939> <U+0928><U+0939><U+0940><U+0902> <U+092C><U+0924><U+093E><U+092F><U+093E> <U+092A><U+0942><U+0930><U+0947> <U+0917><U+0926><U+094D><U+0926><U+093E><U+0930> <U+0915><U+094B> <U+0907><U+0938> <U+0926><U+0947><U+0936> <U+0915><U+093E> <U+092A><U+094D><U+0930><U+0925><U+092E> <U+092A><U+094D><U+0930><U+0927><U+093E><U+0928><U+092E><U+0902><U+0924><U+094D><U+0930><U+0940> <U+092C><U+0928><U+093E> <U+0926><U+093F><U+092F><U+093E> <U+0914><U+0930> <U+0924><U+0941><U+092E> <U+0915><U+093E><U+0902><U+0917><U+094D><U+0930><U+0947><U+0938> <U+092A><U+093E><U+0930><U+094D><U+091F><U+0940> <U+0915><U+0940> <U+091A><U+093E><U+092A><U+0932><U+0942><U+0938><U+0940> <U+0915><U+0930> <U+0909><U+0938><U+0915><U+0947> <U+0924><U+0932><U+0935><U+0947> <U+091A><U+093E><U+091F> <U+0930><U+0939><U+0947> <U+0939><U+094B> <U+0936><U+0930><U+094D><U+092E> <U+0906><U+0928><U+0940> <U+091A><U+093E><U+0939><U+093F><U+090F> <U+0924><U+0941><U+092E> <U+091C><U+0948><U+0938><U+0947> <U+0917><U+0926><U+094D><U+0926><U+093E><U+0930><U+094B><U+0902> <U+0915><U+094B>","manish patidar","0","0","2019-09-16T12:10:58.000Z","Ugyb5__Xonj2TqxOM9x4AaABAg","None","FALSE","6sbPGzrXbts"
"Sir  rajeev dixit ke bare me aapka kya ray hai","ravi yadav","0","0","2019-09-16T10:48:49.000Z","UgwYhiwuz4QZDAwq9bJ4AaABAg","None","FALSE","6sbPGzrXbts"
"bhart vasiyo ko..Sachi news batane wale..dhurv rathee ko # <U+092D><U+093E><U+0930><U+0924> <U+0930><U+0924><U+094D><U+0928> <U+092E><U+093F><U+0932><U+0928><U+093E> <U+091A><U+093E><U+0939><U+093F><U+090F> <U+0001F44F><U+0001F44F>","MOHIT CHAURASIYA","4","1","2019-09-16T08:26:22.000Z","Ugyv0TYnrD5wQHLS76B4AaABAg","None","FALSE","6sbPGzrXbts"
"My bro...How much money you take to change the topic from tourism to rss.....well played my bro.....","Kailash Negi","0","0","2019-09-16T07:29:52.000Z","Ugwz9SXYDJxLS9xREpB4AaABAg","None","FALSE","6sbPGzrXbts"
"Asli DNA Choudhary nhi Rathi deta hai","Mayank'z Sharma","0","0","2019-09-16T07:13:31.000Z","UgyivdxCgQkbKD6AslV4AaABAg","None","FALSE","6sbPGzrXbts"
"You are right bro. Modi is  very insensitive minister.","Jwngsar Steve Narzary","0","5","2019-09-16T06:35:14.000Z","UgwE39e9U5eH1k8o0it4AaABAg","None","FALSE","6sbPGzrXbts"
"Statue of *UNITY*
Someone asks question
""Salle Deshdrohi Pakistan chala ja Mulle""
Statue of *UNITY*","U S Ti","2","9","2019-09-16T06:14:46.000Z","UgzPRIyjkk10x4AIcXR4AaABAg","None","FALSE","6sbPGzrXbts"
"Good","Kabir Singh","0","0","2019-09-16T05:04:56.000Z","Ugz21If4XpNYKTixoER4AaABAg","None","FALSE","6sbPGzrXbts"
"Sardar ballav Bhai Patel duniya ke sabse bada nets the","Suraj Singh","0","0","2019-09-16T05:00:41.000Z","UgxBCKGkDKqAUrRZFSB4AaABAg","None","FALSE","6sbPGzrXbts"
"Phoebe Indian kongres to kha nahi gehe","MORPH Omiyo","0","0","2019-09-16T01:07:05.000Z","UgzhKAwd9nYz43-2hep4AaABAg","None","FALSE","6sbPGzrXbts"
"78k modi bhakt","Lucifer King","0","0","2019-09-15T22:20:35.000Z","UgwZ0sqsmx6L7A708nR4AaABAg","None","FALSE","6sbPGzrXbts"
"If we tell anything against statue of unity..then we are ""anti national"".","Aw Ruman","0","5","2019-09-15T21:15:16.000Z","UgzbXtJKU0mHHuLe3UB4AaABAg","None","FALSE","6sbPGzrXbts"
"How dumb is he? Buddha's Statue was made on 2002 at that time the price of Cu was aroung 1500$ per ton and in 2014 it was around 7000$ thats basic infation multiply that with the amount used, you will get around 157Million dollars for statue of unity just including the fee of cu.","Let Wrestling In","0","0","2019-09-15T21:14:44.000Z","UgxVXixp8QfuOFohGbx4AaABAg","None","FALSE","6sbPGzrXbts"
"Statue ki attraction Jo choro....ye statue bnana ek bewakufi h...usse better har gaon m 1 school aur ek clinic banate to logo ki Jaan bachi rhti","Aman Gamps","0","0","2019-09-15T19:58:58.000Z","Ugy8mYa-A87MvAGUK614AaABAg","None","FALSE","6sbPGzrXbts"
"Modi humare tax ka Paisa barbad ker rha he<U+0001F62B><U+0001F62B><U+0001F62B>","sadhana kaithwar","0","1","2019-09-15T19:35:21.000Z","UgwtzRWXfTPHOcygZEN4AaABAg","None","FALSE","6sbPGzrXbts"
"Truth","Ajay kumar pradhan","0","0","2019-09-15T18:55:34.000Z","UgwySy7WFw--gGtoXJ94AaABAg","None","FALSE","6sbPGzrXbts"
"This is the most important point we all consider but what can we do now. We do our hard work pay taxes and at the end they make statues instead of giving our youth more opportunities. Please make video to solve this issue and what youth can contribute to solve this which will create more opportunities. I will be more than happy to help. Respect for you increases day by day. Keep inspiring. :)","Ankit Gupta","0","0","2019-09-15T18:37:10.000Z","Ugy-TYEZtSkh3owFv1x4AaABAg","None","FALSE","6sbPGzrXbts"
"<U+0001F602><U+0001F602><U+0001F602><U+0001F602><U+0001F602><U+0001F602> I loved the sarcasm when you said Modiji ne 5 sal main kya kiya tha?????","nazma khan","0","0","2019-09-15T18:22:34.000Z","Ugw6x2sRJ8cDK5UcL_p4AaABAg","None","FALSE","6sbPGzrXbts"
"Tujhe agar itna pata hein toh IAS banjata ...bekar banke youtubt kyun chala raha hein","AME creation","0","0","2019-09-15T18:22:05.000Z","UgxW_1XX4LzENCdOapp4AaABAg","None","FALSE","6sbPGzrXbts"
"Agar modi ji bekar hein toh tu banja Pm aukat mein reh","AME creation","0","0","2019-09-15T18:20:36.000Z","UgzyyEL6x-KjvFKcbp94AaABAg","None","FALSE","6sbPGzrXbts"
"Sab tu janta hein hum toh kuch nahi jante","AME creation","0","0","2019-09-15T18:19:24.000Z","Ugy5PtDLACP0SaxvI0R4AaABAg","None","FALSE","6sbPGzrXbts"
"Bitcoin kyun band kiya bhosdiwalon <U+0001F620>","Happy Geek","0","0","2019-09-15T18:08:11.000Z","UgwbttpX4Qmu1IRY_o94AaABAg","None","FALSE","6sbPGzrXbts"
"hamari aabadi 125 crore hai,, agar 3000 crore ko garibo me distribute kar dia jata to sayad sabhi garib amir ho jate..2 crore 40 lakh harek admi ko mil jata . or sabhi crore pati ho jate...","suraj sharma","0","0","2019-09-15T15:49:17.000Z","UgxNKoptreTun7hpW654AaABAg","None","FALSE","6sbPGzrXbts"
"Sahi bat hai","Angel Priya","0","0","2019-09-15T15:27:29.000Z","UgyYvkW9Ybu9NjHqDSR4AaABAg","None","FALSE","6sbPGzrXbts"
"What I would do is... I would open up a museum  of Sardar Vallabhbhai Patel and put a tall statue of Sardar ji in the museum and put a note that the project to build a real statue would be 3000 crores instead we made this museum for 1 cr. and used the 3000 crores for development of welfare..","Abhinav Lanka","0","0","2019-09-15T15:06:14.000Z","Ugy3a6EtUleqycEikZl4AaABAg","None","FALSE","6sbPGzrXbts"
"This guy spitting straight facts <U+0001F525><U+0001F525>","Pranay Das","0","7","2019-09-15T13:02:33.000Z","UgzaWSnVoB4RUiYEI914AaABAg","None","FALSE","6sbPGzrXbts"
"You’re right","Subhan Ali","0","0","2019-09-15T12:46:08.000Z","UgxQDxW4w1hlm8xanRx4AaABAg","None","FALSE","6sbPGzrXbts"
"Koi Dhandha nhi khola h jo hisaab kitaab lga rkha h, Some things are above your small mentality","Dipesh Rana Fitness","0","0","2019-09-15T11:24:11.000Z","Ugw1DUvLhziiHDYV65J4AaABAg","None","FALSE","6sbPGzrXbts"
"You always have a problem with Modi samjhe kuch kare ya na kare tumhe hamesha problem hai tumhi bana diye hote itna shameless ho sakta hai tu maine socha nahi tha you are purely anti national better be a Pakistani if you hate hindus so much bastard","yatin singh","0","0","2019-09-15T11:14:40.000Z","Ugz8qg34p6b1NEGaINR4AaABAg","None","FALSE","6sbPGzrXbts"
"78k dislikes from andhbhakts.","Edge Life","0","0","2019-09-15T09:03:34.000Z","UgymnEYYLGDmnv_5z954AaABAg","None","FALSE","6sbPGzrXbts"
"Now that's logic <U+0001F44C><U+0001F44C><U+0001F44C>","AAREN M.S","0","3","2019-09-15T08:30:34.000Z","UgzGgugSvFZ6T_z7j7h4AaABAg","None","FALSE","6sbPGzrXbts"
"fake fats and shity assumptions","vishu goyal","1","0","2019-09-15T07:58:21.000Z","UgxFWq7Rbfk3JkvxXZ94AaABAg","None","FALSE","6sbPGzrXbts"
"<U+0915><U+094D><U+092F><U+093E> <U+092C><U+093E><U+0924><U+0947><U+0902> <U+092C><U+094B><U+0932> <U+0930><U+0939><U+0947> <U+0939><U+094B> <U+0906><U+092A>? Statue of unity <U+0928><U+0947> 2 <U+0915><U+0930><U+094B><U+095C> <U+0915><U+093E> revenue <U+0915><U+092E><U+093E><U+092F><U+093E> <U+0939><U+0948> within 10 days. <U+092F><U+0947> <U+0938><U+093F><U+0930><U+094D><U+095E> ticket price <U+0939><U+0948> <U+0916><U+093E><U+0928><U+093E> transportation <U+0915><U+093E> figures included <U+0928><U+0939><U+0940><U+0902> <U+0939><U+0948><U+0964> More than 27000 people were standing in lines( total distance of que was 10 km). The carrying capacity of the lifts were 5000 people per day. Govt <U+0915><U+094B> address <U+0915><U+0930><U+0928><U+093E> <U+092A><U+095C><U+093E> crowd <U+0915><U+094B><U+0964> <U+092F><U+0947> <U+0924><U+094B> <U+0939><U+0948><U+0930><U+093E><U+0928><U+0940> <U+0915><U+0940> <U+092C><U+093E><U+0924> <U+0939><U+0948> <U+0915><U+093F> after so many years of his(sardar Patel) demise people still connect to him. <U+0906><U+092A> <U+0915><U+094D><U+092F><U+093E> <U+092C><U+094B><U+0932> <U+0930><U+0939><U+0947> <U+0939><U+094B> 120 <U+0938><U+093E><U+0932> <U+0932><U+0917> <U+091C><U+093E><U+090F><U+0902><U+0917><U+0947> <U+0907><U+0938><U+0947><U+0964> And to my fellow citizens please if you are reading this it's my humble request please don't make your opinion<U+0938> based on such false Allegations and videos full  lies. The facts and figures provided by Mr rathi are not true . Stop misleading the public sir.","Rakshit Bisht","0","0","2019-09-15T07:42:15.000Z","UgzwCbq-XyOvacJHJC54AaABAg","None","FALSE","6sbPGzrXbts"
"Hawa mahal city ma ha sucess ha","Hritik Hasrajani","0","0","2019-09-15T05:54:30.000Z","UgxLQ1bSJy5JcHxm6qJ4AaABAg","None","FALSE","6sbPGzrXbts"
"I agreed with your points.....","<U+0930><U+0923><U+091C><U+0940><U+0924> <U+091A><U+0935><U+094D><U+0939><U+093E><U+0923>","0","0","2019-09-15T05:08:29.000Z","UgyNodrsyYFymIB8Qt94AaABAg","None","FALSE","6sbPGzrXbts"
"Ek dam faltu waste of money","Md Imran Haider","0","4","2019-09-15T05:04:13.000Z","UgxNK-gsdSPrqdlsUD94AaABAg","None","FALSE","6sbPGzrXbts"
"Awsome analysis..","sunil goyal","0","0","2019-09-15T04:34:22.000Z","UgyF6GQesPcLIyc8UVl4AaABAg","None","FALSE","6sbPGzrXbts"
"<U+0930><U+093E><U+091C><U+0938><U+094D><U+0925><U+093E><U+0928> <U+092E><U+0947><U+0902> <U+0915><U+093E><U+0902><U+0917><U+094D><U+0930><U+0947><U+0938> <U+0938><U+0930><U+0915><U+093E><U+0930> <U+0938><U+093F><U+0902><U+091C><U+093E><U+0930><U+0947> <U+091C><U+093E><U+0924><U+0940> <U+0915><U+094B> <U+092C><U+0930><U+092C><U+093E><U+0926> <U+0915><U+0930> <U+0909><U+0928><U+0915><U+0947> <U+091D><U+094B><U+092A><U+0921><U+093C><U+0940> <U+0915><U+094B> <U+0924><U+094B><U+0921><U+093C> <U+0926><U+093F><U+092F><U+093E> <U+0909><U+0928><U+0915><U+093E> <U+0915><U+094D><U+092F><U+093E> <U+0939><U+094B><U+0917><U+093E> <U+092D><U+093E><U+0908>","nani sikar jat","0","0","2019-09-15T04:26:32.000Z","UgxWIUs60L8cdU3jwtZ4AaABAg","None","FALSE","6sbPGzrXbts"
"<U+092D><U+093E><U+0908> <U+092E><U+0928><U+094D><U+0926><U+093F><U+0930> <U+092C><U+091A><U+0947> <U+0939><U+0940> <U+0915><U+0939><U+093E><U+0902> <U+0939><U+0948> <U+091C><U+094B> <U+092C><U+091A><U+0947> <U+0939><U+0948><U+0902> <U+0909><U+0938><U+092A><U+0930> <U+0915><U+094B><U+0902><U+0917><U+094D><U+0930><U+0947><U+0938> <U+0930><U+093E><U+091C><U+0928><U+0940><U+0924><U+093F> <U+0915><U+0930><U+0924><U+0940> <U+0939><U+0948>","nani sikar jat","0","0","2019-09-15T04:22:29.000Z","UgzxIZ9ZfOBlJC7Qqcp4AaABAg","None","FALSE","6sbPGzrXbts"
"<U+092E><U+094B><U+0926><U+0940> <U+0915><U+0941><U+091B> <U+092D><U+0940> <U+0915><U+0930><U+0947><U+0902> <U+0932><U+0947><U+0915><U+093F><U+0928> <U+092C><U+0939> <U+092C><U+0930><U+094D><U+092C><U+093E><U+0926> <U+0939><U+094B> <U+091C><U+093E><U+0924><U+093E> <U+0939><U+0948> <U+0932><U+0947><U+0915><U+093F><U+0928> <U+0915><U+094B><U+0902><U+0917><U+094D><U+0930><U+0947><U+0938> <U+0938><U+0930><U+0915><U+093E><U+0930> <U+0938><U+092C> <U+0915><U+0941><U+091B> <U+092C><U+0930><U+094D><U+092C><U+093E><U+0926> <U+0915><U+0930><U+0947><U+0902> <U+0935><U+0939> <U+0938><U+094B><U+0928><U+093E> <U+091A><U+093E><U+0902><U+0926><U+0940> <U+092C><U+0928><U+0924><U+093E> <U+0939><U+0948> <U+0935><U+093E>","nani sikar jat","0","0","2019-09-15T04:18:34.000Z","UgxPk3WrLl5lHCv1xhZ4AaABAg","None","FALSE","6sbPGzrXbts"
"Not worth","shubham ladha","0","0","2019-09-15T04:12:56.000Z","UgyNu7C-_4DMt8u4MYl4AaABAg","None","FALSE","6sbPGzrXbts"
"Pehle darje ki bewaqoofi hai ke itna saara paisa sirf ek statue banane me lagana","Tajuddin","0","0","2019-09-15T01:41:05.000Z","UgxN55c_jqij4G23qgt4AaABAg","None","FALSE","6sbPGzrXbts"
"Are isse acche toh rajasthan ke forts","MOHIT VASNANi","0","0","2019-09-15T01:39:22.000Z","Ugw2kAmYv-wJ6r1ftKR4AaABAg","None","FALSE","6sbPGzrXbts"
"Bhai aap ban jao pm india ka.....lekin waha jane ke baad  aap bhi wahi karenge jo ek politician karta h...","ashish kashyap","0","0","2019-09-15T00:47:36.000Z","UgyYolQ27XodD3MwHfF4AaABAg","None","FALSE","6sbPGzrXbts"
"The video contains full of negativity. Even without a visit to that place this man saying that design is not good. LOL :))
Bro at least put some positive aspects too.","Maitrik Patel","1","1","2019-09-14T21:13:06.000Z","UgxWAkqcUInDuJIeFnd4AaABAg","None","FALSE","6sbPGzrXbts"
"darr ki baat ye hai ki aur bhi statues aa rahe hai <U+0001F616><U+0001F616>","Maya lak","0","0","2019-09-14T20:41:38.000Z","Ugxg2wnkadKaQ7nnLrN4AaABAg","None","FALSE","6sbPGzrXbts"
"Good job","Sk Manu","0","0","2019-09-14T20:29:10.000Z","Ugya_0dsgkeE6RfB2St4AaABAg","None","FALSE","6sbPGzrXbts"
"I think totally misuse <U+0001F4B0>...","rakesh kohli","0","1","2019-09-14T16:59:32.000Z","UgzPuQ-rF1wrGumZW414AaABAg","None","FALSE","6sbPGzrXbts"
"<U+092E><U+094B><U+0926><U+0940> <U+0932><U+0942><U+091F> <U+0932><U+0947><U+0917><U+093E> <U+0926><U+0947><U+0936> <U+0915><U+094B> <U+092A><U+0939><U+0932><U+0947> English company ayi thi Jo ab Hindustan uniliver name se Hindustan ko lut rahi h  or ab chainis mobile company made in India name se","PRERNA SHARMA","1","6","2019-09-14T15:22:16.000Z","UgxDqsWunXyjDvhB6sR4AaABAg","None","FALSE","6sbPGzrXbts"
"Bakwas hai Bhai bancho","Khuzzi King","0","0","2019-09-14T14:07:42.000Z","UgyR4Aa8DUjjT92EQhN4AaABAg","None","FALSE","6sbPGzrXbts"
"Please make video on MAHARASHTRA Shivaji Maharaj Forts .....","akash sarode A S","0","2","2019-09-14T10:45:22.000Z","UgxFjGeWqYu9hNKljR14AaABAg","None","FALSE","6sbPGzrXbts"
"He only showing you the facts buddy but yes we against Modi and his corrupt party <U+0001F602> <U+0001F602> <U+0001F602>","Baljit singh","0","0","2019-09-17T11:08:36.000Z","UgwqpIdMy_yrOV3hSY14AaABAg.8zyr3qJw3Xr8zz9DlIw8bN","UgwqpIdMy_yrOV3hSY14AaABAg","urjit vishal1716","6sbPGzrXbts"
"I don't think so he only showing you the facts buddy but yes we against Modi and his corrupt party <U+0001F602> <U+0001F602> <U+0001F602>","Baljit singh","0","0","2019-09-17T11:06:25.000Z","UgwqpIdMy_yrOV3hSY14AaABAg.8zyr3qJw3Xr8zz8ys5FhUL","UgwqpIdMy_yrOV3hSY14AaABAg","urjit vishal1716","6sbPGzrXbts"
"<U+0001F602><U+0001F602><U+0001F602>...Yhi to dikkt hai hm bharatwasiyo ki Bde bhole hote hai..Aasani Se kisi pe bhi bhasora kr lete hai Aur baad mei wo hmara kaat te hai #BJP...
Pr ye bnda sch bolta hai...isko bhi 5 saal ka mauka de ke dekha ja skta hai<U+0001F602><U+0001F602>..I hope ye bnda ye nhi bolega 5 saalo ke baad ki Mei kch nhi kr pya kqki BJP nei pichle10 saalo mei desh ko khokhla kr diya hai .<U+0001F602>..","Ashish Ganguly","0","0","2019-09-17T05:38:18.000Z","UgyNnA0hKHFL3e-xcX94AaABAg.8zxCY0a5LWg8zyZQe4RtR4","UgyNnA0hKHFL3e-xcX94AaABAg","Abhay verma","6sbPGzrXbts"
"@MOHIT CHAURASIYA 11 mahine me 23 lack dekhe hai per mahine 6 cr ki kamayi aur total 52 cr aur wahi tajamahal ki bhi dekh lo 
Ye bharat ka top tourist destination hub hoga ,sath sath world me Top 5 best tourist attraction hoga I am fully sure be possitive paise ko desh ko ek karne wale mahapurush me lagaye hai unke liye 3000 cr lag gya to kya hua desh ki janta ko itihas pta hoga","Ashutosh Mishra","0","0","2019-09-17T17:27:46.000Z","Ugyv0TYnrD5wQHLS76B4AaABAg.8zwHrcyv0By8zzpbug9W0S","Ugyv0TYnrD5wQHLS76B4AaABAg","MOHIT CHAURASIYA","6sbPGzrXbts"
"@MOHIT CHAURASIYA ye negative man hai aap google dekhe RTI dekhe to pta chalega iski baat me kya sachayi hai","Ashutosh Mishra","0","0","2019-09-17T17:22:52.000Z","Ugyv0TYnrD5wQHLS76B4AaABAg.8zwHrcyv0By8zzp30MSipL","Ugyv0TYnrD5wQHLS76B4AaABAg","MOHIT CHAURASIYA","6sbPGzrXbts"
"Ashutosh Mishra rathee Apne man se nahin fact se bol raha hai aur kahin na kahin vah sahi hai Kyunki Jab world-famous Tajmahal ko hi itne kam log dekhte hain to is Statue of Unity ko kitne log Dekhenge aap Socho","MOHIT CHAURASIYA","0","1","2019-09-17T16:57:34.000Z","Ugyv0TYnrD5wQHLS76B4AaABAg.8zwHrcyv0By8zzm9lpS3Br","Ugyv0TYnrD5wQHLS76B4AaABAg","MOHIT CHAURASIYA","6sbPGzrXbts"
"Kya such 1 din me average 8500 log dekh rhe hai aur USA ki statue of liberty ko 1 din me average 10000 dekh rhe hai bhai ye rathi glt bol rha hai","Ashutosh Mishra","0","0","2019-09-17T16:48:20.000Z","Ugyv0TYnrD5wQHLS76B4AaABAg.8zwHrcyv0By8zzl67DYHfS","Ugyv0TYnrD5wQHLS76B4AaABAg","MOHIT CHAURASIYA","6sbPGzrXbts"
"@Ashish Ganguly Yes so much for UNITY.
Thats the Irony i wanted to point out.","U S Ti","0","0","2019-09-17T05:20:02.000Z","UgzPRIyjkk10x4AIcXR4AaABAg.8zw2npj9SMt8zyXKmq5x6u","UgzPRIyjkk10x4AIcXR4AaABAg","Ashish Ganguly","6sbPGzrXbts"
"<U+0001F602><U+0001F602><U+0001F602>..Govt ke against Ya unke kisi bhi decision ke against Agr ek bhi sawal pucha jata hai to wo deshdrohi <U+0001F602><U+0001F602>..Pak ki madad kr rha hai","Ashish Ganguly","0","1","2019-09-17T05:14:15.000Z","UgzPRIyjkk10x4AIcXR4AaABAg.8zw2npj9SMt8zyWfQVWjql","UgzPRIyjkk10x4AIcXR4AaABAg","U S Ti","6sbPGzrXbts"
"facts*","vishu goyal","0","0","2019-09-15T07:58:40.000Z","UgxFWq7Rbfk3JkvxXZ94AaABAg.8zterdzWAxD8ztetxzpA3e","UgxFWq7Rbfk3JkvxXZ94AaABAg","vishu goyal","6sbPGzrXbts"
"Patel is being jealous for defaming another patel.","panky sachdeva","0","0","2019-09-15T04:28:52.000Z","UgxWAkqcUInDuJIeFnd4AaABAg.8zsW0bptzC28ztHtHx3IRS","UgxWAkqcUInDuJIeFnd4AaABAg","Maitrik Patel","6sbPGzrXbts"
"You are absolutely right MAM","Draj Desh","0","0","2019-09-17T11:54:18.000Z","UgxDqsWunXyjDvhB6sR4AaABAg.8zrss0YgSHa8zzES_5Ccb6","UgxDqsWunXyjDvhB6sR4AaABAg","PRERNA SHARMA","6sbPGzrXbts"
"Really You are Rock mere bhai.I am your fan Die hard fan","Purusottam Daheriya","0","0","2019-09-18T11:18:47.000Z","UgwSoL35gaducHGHBON4AaABAg","None","FALSE","Lem7KgAb9SY"
"Rahul is best","Debojyoti Bharali","0","0","2019-09-18T09:44:41.000Z","Ugx6YttWfGKAEDmhuWd4AaABAg","None","FALSE","Lem7KgAb9SY"
"respect man respect <U+0001F64B><U+200D><U+2642><U+FE0F>","shayantan roy","0","0","2019-09-18T08:56:59.000Z","UgyC4sLNizai_mRpijJ4AaABAg","None","FALSE","Lem7KgAb9SY"
"1 baar doosre leaders ko dekh lo maayavati ko hi dekh lo <U+0001F602>
Aap hi bata do sahi kaun hai","dikshitji. 5271","0","0","2019-09-18T08:11:18.000Z","UgzEtzqEM6cGPXv0wFZ4AaABAg","None","FALSE","Lem7KgAb9SY"
"Yaar u are such a anti modi ...kuch video achi h but hmsa kisi admi k phiche  apni video bnani ..tum bhe to issi ke bjh ise apna Paisa  kmaa rhe ho bhai..population bhe dkh bro usko kam krne k liye kuch idea bta ...country ke gltiya nikalna or speech dena is a normal  thing agar itne he baato main or video main dmm h na then come to india and chnge ...Atleast  this man is trying  on small issue i live in a village people get benefited  gas connection .toilets bima yojna..ayushman yojna or bhe bhut aise kaam h .He is representing  india  in world..khud to india se bhr h na so you have no right man...come to india ...ground ke reality ko jaan kr fir video bna just unsbscribe your  channel ..you are such a negetive person..really i m not a modi fan n i watch your that  media issue video  go to china then say ..jo logg dkhna chatte h na vo he news vale dikhte h and 355 seats in second  attempt then dnt think  that your are only intelligent  person who know ..modi is good or bad..Indian people  are fool ..jhain pr rhte ho vhain ke media pr dhyn de ..you are not dhruv i think u r anti modi..kb  tk usko lekr apni income krga .chnge your thinking man ..mann lo modi burra hai then rahul is better ..tell me block ka option nhi h vrna sbse phle iss channel  ko block krti ...and you know when i saw your  1st video i decided  to donate  you some money but then j watche u other video mtlb vo he same cheej koe adami kaise kr skta ..i think you need a break buddy ..tum kro na kuch india k liye fir modi ne h acha tho jo income atti h you tube se usko donate kr do assam k liye ...stop fooling people  oky ...noone is perfect .","Manisha thakur","0","1","2019-09-18T06:36:22.000Z","UgzwkD4X0QZl4Qn3khF4AaABAg","None","FALSE","Lem7KgAb9SY"
"Video acha banya kro","Daily current affair mattrail","0","0","2019-09-18T06:19:47.000Z","UgzZ2DpNVrKdYfxhSdF4AaABAg","None","FALSE","Lem7KgAb9SY"
"I can't debate with bhakts buy now when they will start their debate i will give this video link","PaN MaN","0","0","2019-09-18T06:09:14.000Z","UgxujXzx7yj0yBmDLZR4AaABAg","None","FALSE","Lem7KgAb9SY"
"Modi -10 & Rahul +10","Md Taslim","0","0","2019-09-18T03:04:56.000Z","UgwYpT0Y14Y5MpkR9w94AaABAg","None","FALSE","Lem7KgAb9SY"
"ki tu shuru ho gaya","Mohit Chouhan","0","0","2019-09-17T18:03:07.000Z","Ugy-2TU2fvq2pc1Vlx94AaABAg","None","FALSE","Lem7KgAb9SY"
"370 ka khatam nhi hua kya madrchod","Mohit Chouhan","0","0","2019-09-17T18:02:38.000Z","UgyL3qk4tHdPShpmFxt4AaABAg","None","FALSE","Lem7KgAb9SY"
"Video ki Heading or video me difference h...","run 4 fun","0","0","2019-09-17T17:07:24.000Z","UgyVAGmG95VhZDRB9id4AaABAg","None","FALSE","Lem7KgAb9SY"
"Speech Compare kha h bhai ye to question answer lag rhe h ...","run 4 fun","0","0","2019-09-17T17:06:36.000Z","UgzUUdjOa-Cm26r-_D94AaABAg","None","FALSE","Lem7KgAb9SY"
"Tu  rahul ji ka jaga lele aur INC ko jita dey bhai bhasan math jhad","AME creation","0","0","2019-09-17T16:09:24.000Z","UgwuWR5GeTiVf1pZaYp4AaABAg","None","FALSE","Lem7KgAb9SY"
"You are completely wrong","Sujan Patel G L","0","0","2019-09-17T10:40:05.000Z","Ugzc5u9LriRz8WmJFIZ4AaABAg","None","FALSE","Lem7KgAb9SY"
"Shit galat bnde ko vote de diya. Raga ko dena chahiye tha. Why media not showing this stuff?","Akarsh","0","0","2019-09-17T07:20:39.000Z","UgzzuoSMvl1eHGVWbAZ4AaABAg","None","FALSE","Lem7KgAb9SY"
"I guss Rahul Gandhi ko ek moka dena chahiye India walo....mera 1st vote hai so i can survey to vote kise diya jaye.... thanks for video <U+0001F60D>","akshay joshi","0","0","2019-09-17T06:28:09.000Z","Ugwh0xK1cBDoIrjR8zB4AaABAg","None","FALSE","Lem7KgAb9SY"
"I make a very big mistake to caste my vote to bjp govt last time...","Ashwani Mishra","0","1","2019-09-17T04:42:50.000Z","UgwVuBwInGB9aIXIJqN4AaABAg","None","FALSE","Lem7KgAb9SY"
"If you want to handle indian politics you require speeches like namo. you was right raga was more relevant to his subject. But we all know raga is not that much good leader (major role is 60 years of his party). Namo is more better option to choose. Your video helps us to Differentiate. But pls be neutral when you're comparing
Namo 5/10 & raga 6/10
Only for this speech <U+0001F446>","Yadnesh Kapse","0","0","2019-09-16T18:26:55.000Z","UgyhzREUr2Tg1BMnygN4AaABAg","None","FALSE","Lem7KgAb9SY"
"Modi - 3
Rahul - 9","najaf najmi","0","0","2019-09-16T18:12:09.000Z","Ugyd-X7O90Gtuk0h9RR4AaABAg","None","FALSE","Lem7KgAb9SY"
"So what you think we should vote to Rahul Gandhi who doesn't even india properly Modi is the far better option compare to Rahul","Bhagyashri Ingale","0","0","2019-09-16T16:56:45.000Z","UgzU1BAQETlVwI4K2Bp4AaABAg","None","FALSE","Lem7KgAb9SY"
"Bhai tumhari baat to sahi h par muh kholna asa h or real main desh chalana mushkil.....gandhi family nay bhi bhot tym tak govt. Bnai h unhonay kya ukhadliya...bas itna btado ....or compare karkay dekho","Cool Govind","0","0","2019-09-16T15:02:16.000Z","UgyrH1CusaJ3gsKN8gt4AaABAg","None","FALSE","Lem7KgAb9SY"
"Rahul 8 and modi 2","Experiment Things.","0","0","2019-09-16T14:28:57.000Z","Ugw5_A677_XKqzITo9d4AaABAg","None","FALSE","Lem7KgAb9SY"
"Nice Video Sir","Jaydeep Parmar","0","1","2019-09-16T12:04:03.000Z","UgyG3bjn_nR1yhWEyG94AaABAg","None","FALSE","Lem7KgAb9SY"
"Whenever i raise questions against bjp supprters, they start boasting about surgical strike, artie 370 n other social activitiea","Hemant Ojha","2","9","2019-09-16T11:07:23.000Z","Ugz5TxIqhtcazkCpbFF4AaABAg","None","FALSE","Lem7KgAb9SY"
"to iska matlab Rahul Gandhi ko PM banade....The day I will realize we have a better choice available against Modi...I will vote for him/her. RAGA is a very good person. He is honest and humble...but he is not suited for politics as he doesn't have the required skill set to be PM of India. So we dont vote for Modi...we vote for the best option available....andho me kana raja... :-D","aditya sawant","0","1","2019-09-16T11:00:23.000Z","UgwjiF38yd5RvY9WafR4AaABAg","None","FALSE","Lem7KgAb9SY"
"U r right <U+0001F44D><U+0001F44D><U+0001F44D><U+0001F44D><U+0001F44D>","Shikha mahor","0","0","2019-09-16T10:54:04.000Z","Ugyb-l9tx35ld0OCNJx4AaABAg","None","FALSE","Lem7KgAb9SY"
"Modi 10/2","All in one Boys","0","0","2019-09-16T08:52:25.000Z","UgwnYNGDgMXuIjsvtd54AaABAg","None","FALSE","Lem7KgAb9SY"
"R 10/10","All in one Boys","0","0","2019-09-16T08:52:06.000Z","Ugxv87NWUrvGmelHIcl4AaABAg","None","FALSE","Lem7KgAb9SY"
"*Dhruv ke Haters Apni MAAA chudaaaye....*","#Emulator Tatta HYGRA_GAYNAMO","0","0","2019-09-16T08:35:05.000Z","UgyeesppTjCMAHn0Qc94AaABAg","None","FALSE","Lem7KgAb9SY"
"You are the best educator.","Tarinee Prasad Dash","0","0","2019-09-16T05:49:43.000Z","UgxwWvCwBrvwzznDENx4AaABAg","None","FALSE","Lem7KgAb9SY"
"Is desh ka kya hoga bhai dhany hai yahan ki bewkuf janta jai ho  jai ho","guriya chourasiya","0","1","2019-09-16T04:44:30.000Z","UgwjdNRZ_TlmwljJg2p4AaABAg","None","FALSE","Lem7KgAb9SY"
"<U+0905><U+092C> <U+0938><U+092E><U+091D><U+0947> <U+0939><U+092E> <U+0930><U+093E><U+0920><U+0947> <U+0924><U+0941><U+092E> <U+0915><U+093E><U+0902><U+0917><U+094D><U+0930><U+0947><U+0938> <U+0915><U+0947> <U+091A><U+092E><U+091A><U+0947> <U+0939><U+094B> ,<U+0915><U+0947><U+0935><U+0932> <U+0924><U+0941><U+092E><U+094D><U+0939><U+0947><U+0902> <U+092E><U+094B><U+0926><U+0940> <U+091C><U+0940> <U+092E><U+0947><U+0902> <U+092C><U+0941><U+0930><U+093E><U+0908> <U+0926><U+093F><U+0916><U+093E><U+0908> <U+0926><U+0947><U+0924><U+0940> <U+0939><U+0948>|","Mix Comedy","0","0","2019-09-16T03:50:31.000Z","Ugzwtn0o7NwTSUkFU4l4AaABAg","None","FALSE","Lem7KgAb9SY"
"Modi 2/10 , bcoz for being a demogog","pradeep rawat","0","0","2019-09-15T22:20:02.000Z","UgxOfRtgnM830O49UBJ4AaABAg","None","FALSE","Lem7KgAb9SY"
"Bhaii tuuu yaha kya kr raha tere ko hona chahiye Modi ki jagah bhai tm bacche ho abhi thoda bada ho jaa ...every thing has a two side good or bad  Modi government has some drawbacks but he had done many good things also no in the world is perfect ....and my brother asking question is easy than giving answer atleast Modi ji giving answer.... Think if Rahul is prime minister and Modi starts questioning ...what will happen than thing once ...so my brother modi government is not bad as uuu are showing ....","Ashutosh Pandey","0","0","2019-09-15T20:03:35.000Z","UgwVtCf4RgWfITK-eOx4AaABAg","None","FALSE","Lem7KgAb9SY"
"Suver ki aulad","Divyanshu Maurya","0","1","2019-09-15T19:55:04.000Z","UgwHLHMNARb5z7rQo-B4AaABAg","None","FALSE","Lem7KgAb9SY"
"Aa sale","Divyanshu Maurya","0","1","2019-09-15T19:54:53.000Z","UgwF9x2DVNQ8sqFWwvZ4AaABAg","None","FALSE","Lem7KgAb9SY"
"Auckat hai to reply do","Divyanshu Maurya","0","1","2019-09-15T19:53:17.000Z","UgxII2VZxFFkCLeIwCx4AaABAg","None","FALSE","Lem7KgAb9SY"
"Bhsd wale","Divyanshu Maurya","0","2","2019-09-15T19:52:57.000Z","UgzyVSGoS-sGUvjNax94AaABAg","None","FALSE","Lem7KgAb9SY"
"Tumhara baap hai kya Rahul Gandhi.","Divyanshu Maurya","0","2","2019-09-15T19:52:44.000Z","UgxQidIztaAGNjY_E7t4AaABAg","None","FALSE","Lem7KgAb9SY"
"That's why opposition is an integral part of the parliament
It keeps a check on the central and state governments","Pratika Singh","0","0","2019-09-15T19:15:00.000Z","UgzkCmxSdeh2NHKBhfl4AaABAg","None","FALSE","Lem7KgAb9SY"
"What's your opinion about NRC??","abhishek singh","0","0","2019-09-15T18:54:41.000Z","UgzcHao3je5L-oI8bTZ4AaABAg","None","FALSE","Lem7KgAb9SY"
"<U+0001F602><U+0001F602><U+0001F602><U+0001F602><U+0001F602><U+0001F602><U+0001F602><U+0001F602><U+0001F602>","nazma khan","0","0","2019-09-15T18:29:49.000Z","UgyvbHAEr3NlKUYTreh4AaABAg","None","FALSE","Lem7KgAb9SY"
"It is misfortune of our country that we don't have strong opposition in democratic system..!","monu sharma","0","1","2019-09-15T18:11:44.000Z","UgyPcaB1lopZsNyiGLN4AaABAg","None","FALSE","Lem7KgAb9SY"
"Sir I'm a big fan of you","Ramniwas karode","0","0","2019-09-15T17:54:20.000Z","UgwdnCT4i8Fn3BhUYCV4AaABAg","None","FALSE","Lem7KgAb9SY"
"India needs many dhruv rathees, 
Indian media is making fool to us,
Especially dna show on zee news","Sairaj Sarde","1","2","2019-09-15T16:50:54.000Z","UgwHSVNF9YW9xuRGOwp4AaABAg","None","FALSE","Lem7KgAb9SY"
"There is 41k dislikes on this video but I haven't seen any comments in favour of modiji.. why is it so??","zeel sukhadiya","1","0","2019-09-15T16:21:39.000Z","Ugx74M7QGv2A_82Qigx4AaABAg","None","FALSE","Lem7KgAb9SY"
"9 rahul
1 modi","Jagdeep Singh Bajwa","0","0","2019-09-15T15:32:43.000Z","UgxFaizURTAdRyeHXM54AaABAg","None","FALSE","Lem7KgAb9SY"
"Modi ki speech Koo 10 maein se -1 and Rahul Koo 10/10","Karan Singh","0","0","2019-09-15T15:10:34.000Z","Ugx5HLYhYMV-UpVmoGZ4AaABAg","None","FALSE","Lem7KgAb9SY"
"Bhai jyada freedom mil gyi lgta hai tumhe","Abhishek Bhatt","0","0","2019-09-15T12:58:29.000Z","UgyLsV4FCW-OASdSuPx4AaABAg","None","FALSE","Lem7KgAb9SY"
"Anpadh logo Ko power me laaoge to yehi hoga....rip logic","Prabhat Tiwari","0","0","2019-09-15T09:29:50.000Z","UgzLo2CUxMdUoe_gyzh4AaABAg","None","FALSE","Lem7KgAb9SY"
"Great work dhruv 
Really massive respect","soumya singh","0","0","2019-09-15T09:15:43.000Z","Ugw6DU1sP0pEhX-Xqrt4AaABAg","None","FALSE","Lem7KgAb9SY"
"Dhuruv rathi ap bahout hi badhiya kam kar rahe ho bhai .sahi or galat ki pahchan karna is yug mai mushkil ho gaya hai ap jaisw media ka kam rahe hai jisse hum jaise logo ki haqiqat samjh arahi hai .great job","Afrin Shaikh","0","0","2019-09-15T08:05:38.000Z","UgxUnVcA3peq0c_kMLR4AaABAg","None","FALSE","Lem7KgAb9SY"
"Practically it seems you are an anti modi !! Still you speak Great... .<U+0001F60B><U+0001F60B>","Rajni Ranjan","0","1","2019-09-15T04:27:50.000Z","UgyEorouwWMcO2IbdW14AaABAg","None","FALSE","Lem7KgAb9SY"
"I HUBLEY REQUEST TO ALL MY INDIANS..PLS KINDLY DONT WATCH THE  NEW TV CHANNELS...THEY JUST   ...LIKE A SERVANT OF  HITLER LEADER ...AND WASTE YOUR PRECIOUS TIME ...WE ARE IN PRESENT...","Jitendra Meena","0","0","2019-09-14T22:57:04.000Z","UgxZbyVE4mnu4eamsn14AaABAg","None","FALSE","Lem7KgAb9SY"
"Modi to muhalle ki aapa ,khala jaisa ladd rhe hai... Isko kisi ki saas hona chahiye tha aankh mattake k action ko aise hi catch kiya hai jaise saanse bahue k har ishare per karti hai... Very cheap yaar...","HD Shaikh","0","0","2019-09-14T22:25:56.000Z","UgyCVYXMvWtpkakiTVh4AaABAg","None","FALSE","Lem7KgAb9SY"
"Modi 10=1","aniqur rahman","0","0","2019-09-14T17:29:35.000Z","UgzJBVMreCpkkwCzmsR4AaABAg","None","FALSE","Lem7KgAb9SY"
"Rahul 9 number
Modi 5 number","Gulshan Kumar","0","3","2019-09-14T16:06:13.000Z","UgwlIpNYunbFmFWFw7x4AaABAg","None","FALSE","Lem7KgAb9SY"
"Modi  ko kbhi  to ye lagta hoga ke yaar m kitna fekhta hu......khud pe hi sharam aate hogi. Modi ki spech jyada  funny hoti h... bina sar pair ki.kbhi khud bhi sun liyaa kro modi ji.","Govind Bisht","0","0","2019-09-14T15:11:29.000Z","UgxCQK2wHMf1j6rixG14AaABAg","None","FALSE","Lem7KgAb9SY"
"Rahulji ko 10/7 or modiji k10/3","Kunal Kadao","0","0","2019-09-14T10:56:48.000Z","Ugy8jXiVXmRKPJIloEl4AaABAg","None","FALSE","Lem7KgAb9SY"
"Har politician juth bolta hai kiu ki unko kam ke sath kurchi bhi basana hota hai . Lakin kaise aap ek golot admi ko sahi bol sokte ho.aap vedio banao lekin nipaksha hoke . Jo sahihai woh bolo . Aap sirf kush stat ke data leke vedio bonate ho . Aapko north east ke bare me pata hai....","manoj sarania","0","0","2019-09-14T09:03:15.000Z","UgxvBV3FNeVRxk-BkO94AaABAg","None","FALSE","Lem7KgAb9SY"
"Rahul got 8
But Modi got 1
Worst performance by Modi","SHEKHAR KUMAR SANU","0","0","2019-09-13T17:38:49.000Z","UgzsYVH10cvA-m39PR14AaABAg","None","FALSE","Lem7KgAb9SY"
"Bhai jaake the tashkent file dekho..unse buraa to nahi kar raha modi","Gayakranjan","0","0","2019-09-13T12:12:55.000Z","UgxFZDJaIFgJAbLvgKB4AaABAg","None","FALSE","Lem7KgAb9SY"
"YOU ARE GREAT BROTHER. INDIA PAKISTAN NEED INDEPENDENT AND UNBIASED JOURNALIST LIKE YOU. BOTH NATION HAS VICTIMIZED BY DIRTY MEDIA. YOUNG AND EDUCATED PEOPLE SHOULD COME ON YOUTUBE AND EDUCATE THE NATION AND SPREAD REALITY INSTEAD OF SPREADING HATRED AND MISCONCEPTION AMONG THE PEOPLE. STAY BLESSED ALWAYS......","Mehboob Ali Vlogs","0","0","2019-09-13T09:41:06.000Z","Ugy7TrKOjLnhTryVuF54AaABAg","None","FALSE","Lem7KgAb9SY"
"awesome","Naveed Anjum","0","0","2019-09-13T09:01:51.000Z","UgzLtCmrDWRj68GYMQp4AaABAg","None","FALSE","Lem7KgAb9SY"
"By listening your explanation, I could understand many things","Vaibhav Gayke","0","0","2019-09-13T08:19:23.000Z","Ugxj91aA3lTG6fMEmSd4AaABAg","None","FALSE","Lem7KgAb9SY"
"Plz make some video from 2004 to 2014 and get the content not only from ND TV","pradeep swain","1","0","2019-09-13T07:44:22.000Z","UgwqSR35fkH4EHB_CUt4AaABAg","None","FALSE","Lem7KgAb9SY"
"It’s open my eyes but your subject and content is not matching. Subject is vs between raga and namo but you are discussing Q & A.","pradeep swain","0","0","2019-09-13T07:43:30.000Z","Ugyv_DL_k17bTxRebtB4AaABAg","None","FALSE","Lem7KgAb9SY"
"Rahul Gandhi 8/10 and Modi 1/10","Rana Rehan","0","0","2019-09-13T06:41:05.000Z","UgyVd-1I9NVhzLVLyjh4AaABAg","None","FALSE","Lem7KgAb9SY"
"Brother please make the videos on EVM machines I listened that its also big scam by bdp","•••<U+4E61>GLADIATORS<U+4E61>","0","0","2019-09-13T03:24:39.000Z","UgzuHBdw_MtD6Njy3_94AaABAg","None","FALSE","Lem7KgAb9SY"
"Modi 4 Rahul 8.5","•••<U+4E61>GLADIATORS<U+4E61>","0","0","2019-09-13T03:23:26.000Z","Ugz5di11pJ81Nc5xDrh4AaABAg","None","FALSE","Lem7KgAb9SY"
"<U+0001F602><U+0001F602><U+0001F60A><U+0001F602><U+0001F602><U+0001F602>","Raj Kushwaha","0","0","2019-09-12T18:42:09.000Z","UgwgUaqK0WqCZ4blUSp4AaABAg","None","FALSE","Lem7KgAb9SY"
"i was a victim of modi govt till yesterday... totally i have finally opened my eyes ...m pursuing ca course .... still i got brainwashed though i should have not got easily believed ...shame on me","Sayali Gholap","2","1","2019-09-12T17:40:46.000Z","Ugykr9wQEF56ny2mJL54AaABAg","None","FALSE","Lem7KgAb9SY"
"Modi ko l@vda dunga m..","Sanskar Sihag","0","0","2019-09-12T17:31:40.000Z","Ugyjo1qPBS6B5p0aiXd4AaABAg","None","FALSE","Lem7KgAb9SY"
"bahut badi galti ho gayi hai<U+0001F601><U+0001F601>","navjot singh","0","0","2019-09-12T16:30:40.000Z","Ugw8eQMoH9NaXfHVirV4AaABAg","None","FALSE","Lem7KgAb9SY"
"RaGa- 6/10
Podi- 0/10","Siddharth Sagar","0","0","2019-09-12T16:13:31.000Z","Ugyb6TGFDv_rQBSUcy54AaABAg","None","FALSE","Lem7KgAb9SY"
"To Modi-ab bhot hu samman tumhari aise taise","Prakhar Sharma","0","1","2019-09-12T09:54:36.000Z","UgzidigbNbq-oBiHSRB4AaABAg","None","FALSE","Lem7KgAb9SY"
"https://youtu.be/smEpAMl6RFU plzz phele ek baar ye video jarrur dekhe ki ye dhruv kitna jhot bolta h plzzz ek baar jarrur dekhe","hawaii mini","0","1","2019-09-12T09:26:53.000Z","Ugzy1nxiHQTpk1lCUll4AaABAg","None","FALSE","Lem7KgAb9SY"
"Bhai aap ne jo last me Rahul Gandhi ko 8/10 dia wo green colour me tha. 
And Narendra Modi ka orange tha. 
Isase aapki nhi mansikta ka pata chalta hai. 
From Bihar... 
Jbab do.","Rahul Kumar","0","0","2019-09-12T07:36:57.000Z","UgzSe5OX1xUDfPx2OZt4AaABAg","None","FALSE","Lem7KgAb9SY"
"Modi 2 and rahul 9","Uzef rangrej","0","0","2019-09-12T05:44:02.000Z","Ugy9Np9mkGe00ok_Twh4AaABAg","None","FALSE","Lem7KgAb9SY"
"Rahul Jee 10 marks 
Feku... 00","Mustafa Vlogs","0","0","2019-09-12T01:32:45.000Z","Ugx9xd3hLizjAGsNBJZ4AaABAg","None","FALSE","Lem7KgAb9SY"
"MTNL wale log 3month se salary proper Nahi arhi hai Modi k Raj me","Sandhya Yadav","0","0","2019-09-11T20:06:24.000Z","UgwRcSAPvr2H6Mbp2o94AaABAg","None","FALSE","Lem7KgAb9SY"
"8rahul ko sir","Pradeep yadav ji","0","0","2019-09-11T19:36:24.000Z","UgxrHzYX_IA-0tjkMkZ4AaABAg","None","FALSE","Lem7KgAb9SY"
"modi is taking india down.... aisa insaan bhi hota hai kya??","Vidhanshu Jain","0","0","2019-09-11T16:45:01.000Z","Ugx24x5GOdqcuiiCdiZ4AaABAg","None","FALSE","Lem7KgAb9SY"
"Illiterate chal wala","Masroor Ahmed","0","0","2019-09-11T16:23:38.000Z","UgytDaJb70cl0MKdLy14AaABAg","None","FALSE","Lem7KgAb9SY"
"media make modi god  
kis kis ko lagta he like karo or camment me jaroor bata ki aajtak news din me kitni bar modi ka naam leti he","movie links","0","1","2019-09-11T15:40:47.000Z","UgwDHYc3BpmmuR9xXm14AaABAg","None","FALSE","Lem7KgAb9SY"
"we need youre paytm no.","movie links","0","1","2019-09-11T15:39:41.000Z","UgwD2Hrz5uLUrdDg2XJ4AaABAg","None","FALSE","Lem7KgAb9SY"
"rahul gandhi is fool person don't compare him with modi","logic master","0","2","2019-09-11T11:23:49.000Z","Ugxg_bNqKpmA-phiZk94AaABAg","None","FALSE","Lem7KgAb9SY"
"ek community region galt ho skata hai but pura nation the whole gandhi family is the reason of our bad situation","logic master","0","2","2019-09-11T11:23:20.000Z","UgzyWPaNZt_65CmcD6B4AaABAg","None","FALSE","Lem7KgAb9SY"
"Rafael deal par aapka ek aur video hai. Usme toh aapne Kuch aur hi kaha hai ?","Kavita Shrimali","0","0","2019-09-11T08:23:44.000Z","Ugx6rjeEKBDcy4ssNCl4AaABAg","None","FALSE","Lem7KgAb9SY"
"Great Modi Ji Phle hi Ans. Likh k laye the Kuch bhi question ho yhi bolna hai<U+0001F602><U+0001F602>","KRIISUN x17","0","0","2019-09-11T06:04:59.000Z","UgxkMHUxOATq1lEvFGV4AaABAg","None","FALSE","Lem7KgAb9SY"
"Ab kie baar rahul gandhi ko lake dekthe h!","<U+0928><U+0935><U+094D><U+092F> Vats","0","0","2019-09-11T03:47:34.000Z","UgxihxsYTXM6GG7JrUB4AaABAg","None","FALSE","Lem7KgAb9SY"
"Sir please make a video on this topic ...ki agar ik nyi party bnai jai jisme sabhi log padhe likhe ho to kya desh badal skta h.ya kya prbhav pafega usse desh pr kya vo party chl jaygi india m..","Vishal Bhardwaj","0","0","2019-09-11T03:40:14.000Z","Ugy6LUEEhlHB3ShvMq94AaABAg","None","FALSE","Lem7KgAb9SY"
"Rahul Gandhi 8 Modi - 01","Sandeep Kumar","0","0","2019-09-11T02:44:29.000Z","UgzmW4qtPQq-kN7jt494AaABAg","None","FALSE","Lem7KgAb9SY"
"Very nice video","Mohammed Haji","0","0","2019-09-11T01:12:25.000Z","UgyzJVN8VRQOFFyxCmJ4AaABAg","None","FALSE","Lem7KgAb9SY"
"Tu pakka congresi hain","bikram shil bank","0","0","2019-09-11T00:03:57.000Z","UgzVRRz6BjROv-o0hyN4AaABAg","None","FALSE","Lem7KgAb9SY"
"Ur Great  bro..","Nahida Khanum","0","0","2019-09-10T18:53:52.000Z","Ugw9LR7ZE5bI1wfTtcl4AaABAg","None","FALSE","Lem7KgAb9SY"
"Ab dhire dhire tumhara v chehra samne aa rha hai","Mayank pratap rai","0","1","2019-09-10T18:11:43.000Z","UgzrnT6scurAzb1yTZR4AaABAg","None","FALSE","Lem7KgAb9SY"
"Yes bro you are right","vishwa khillare","0","0","2019-09-10T17:28:36.000Z","Ugw0Gr1F1930oEhoeER4AaABAg","None","FALSE","Lem7KgAb9SY"
"tu sidha bol na ki modi ka opponent hai karke . vai se to modi ne bhi nahi bola tha ki wo 15 lakh de wo bole the ki black money itana hai ki wo jab bahar aaye to har kisi ko 15 lakha mil sakta hai . afava mat failao","sumeet gawade","0","1","2019-09-10T15:30:03.000Z","Ugwj12vsIz3ykwZmkG94AaABAg","None","FALSE","Lem7KgAb9SY"
"Bhai parliament ke one day ke video se esa nai bola ja sakta ki modi ka 2/10 point he.....<U+0001F602> Modi he 2019 ka result dekh Lia na <U+0001F602>","Alap Patel","0","0","2019-09-10T14:52:12.000Z","UgxF3Aka-TRD3zOZfjJ4AaABAg","None","FALSE","Lem7KgAb9SY"
"Ask them about me","Vikas hu","0","0","2019-09-18T12:10:44.000Z","Ugz5TxIqhtcazkCpbFF4AaABAg.8zw_Hyo2pJu9-0q7lSq6YI","Ugz5TxIqhtcazkCpbFF4AaABAg","Hemant Ojha","Lem7KgAb9SY"
"Yeah bro","Nishchith Shettigar","0","0","2019-09-17T19:27:04.000Z","Ugz5TxIqhtcazkCpbFF4AaABAg.8zw_Hyo2pJu9--2Gfh1hb8","Ugz5TxIqhtcazkCpbFF4AaABAg","Hemant Ojha","Lem7KgAb9SY"
"U are brother, i request u to share this video","Hemant Ojha","0","0","2019-09-16T11:09:23.000Z","UgwHSVNF9YW9xuRGOwp4AaABAg.8zubo6xi1DI8zw_WcMnrWj","UgwHSVNF9YW9xuRGOwp4AaABAg","Sairaj Sarde","Lem7KgAb9SY"
"Modi....  Modi jindabaad","Divyanshu Maurya","0","1","2019-09-15T19:48:19.000Z","Ugx74M7QGv2A_82Qigx4AaABAg.8zuZSsEE9uu8zuw6co6PlM","Ugx74M7QGv2A_82Qigx4AaABAg","zeel sukhadiya","Lem7KgAb9SY"
"We should  talk  about  current  govt  naa  cause if the govt  between 2004 and 2014 did wrong.    So they are gone  ... About this govt is running oir country  now .....","Bhanu More","0","0","2019-09-15T09:37:55.000Z","UgwqSR35fkH4EHB_CUt4AaABAg.8zoUfOYTOR68ztqFuWFF4v","UgwqSR35fkH4EHB_CUt4AaABAg","pradeep swain","Lem7KgAb9SY"
"Modi sirf 12th pass wo bs hindu Muslim ,love jihad ,gau Mata , bs iski wjh se jeeta hai","Arif A","0","0","2019-09-14T05:04:03.000Z","Ugykr9wQEF56ny2mJL54AaABAg.8zmz7iZU9378zqm76zP25D","Ugykr9wQEF56ny2mJL54AaABAg","Sayali Gholap","Lem7KgAb9SY"
"Indian army ,isro kucch bhi kre modi bolega ** mitro Maine chandaryaan 2 bheja uska bhi credit ye le lega **","Arif A","0","0","2019-09-14T05:02:29.000Z","Ugykr9wQEF56ny2mJL54AaABAg.8zmz7iZU9378zqlwh-KUQm","Ugykr9wQEF56ny2mJL54AaABAg","Sayali Gholap","Lem7KgAb9SY"
